{"Mean":{"confidence_interval":{"confidence_level":0.95,"lower_bound":90.54706647508343,"upper_bound":92.69637810172927},"point_estimate":91.56280831204438,"standard_error":0.5491857723455036},"Median":{"confidence_interval":{"confidence_level":0.95,"lower_bound":88.57227596276692,"upper_bound":90.52476458937493},"point_estimate":89.2197510730119,"standard_error":0.4863348593700404},"MedianAbsDev":{"confidence_interval":{"confidence_level":0.95,"lower_bound":1.6809999236038737,"upper_bound":4.038866515009443},"point_estimate":2.5547813001011175,"standard_error":0.6108452591409836},"Slope":{"confidence_interval":{"confidence_level":0.95,"lower_bound":89.90812483177672,"upper_bound":92.34494869860522},"point_estimate":91.00591913026707,"standard_error":0.6240542415021717},"StdDev":{"confidence_interval":{"confidence_level":0.95,"lower_bound":4.01433202616145,"upper_bound":6.856705616890366},"point_estimate":5.502085592222032,"standard_error":0.7308275127016196}}