{"Mean":{"confidence_interval":{"confidence_level":0.95,"lower_bound":-0.9442958233718334,"upper_bound":-0.9429191312773391},"point_estimate":-0.9435956635811416,"standard_error":0.0003522145676433847},"Median":{"confidence_interval":{"confidence_level":0.95,"lower_bound":-0.943099768819375,"upper_bound":-0.9418327953196388},"point_estimate":-0.9422537532028925,"standard_error":0.00031587560824765555}}