{"Mean":{"confidence_interval":{"confidence_level":0.95,"lower_bound":5.148518194734349,"upper_bound":5.18606923744531},"point_estimate":5.164539443488001,"standard_error":0.009708085765913683},"Median":{"confidence_interval":{"confidence_level":0.95,"lower_bound":5.137439973505547,"upper_bound":5.158874369631838},"point_estimate":5.152105764638639,"standard_error":0.005093685645249612},"MedianAbsDev":{"confidence_interval":{"confidence_level":0.95,"lower_bound":0.028341127665701897,"upper_bound":0.04546492379774354},"point_estimate":0.03804482505931006,"standard_error":0.004426765814299979},"Slope":{"confidence_interval":{"confidence_level":0.95,"lower_bound":5.148585012797337,"upper_bound":5.172979486631154},"point_estimate":5.1596759705829625,"standard_error":0.006223790430219885},"StdDev":{"confidence_interval":{"confidence_level":0.95,"lower_bound":0.04376894494462213,"upper_bound":0.15059686152915158},"point_estimate":0.0974351160990722,"standard_error":0.032490166985196196}}